{
  "timestamp": "2026-05-09T19:45:52.708921",
  "model": "CLIP ViT-B/32",
  "device": "cpu",
  "api_output": {
    "video": "/home/ubuntu/awakli/wave9-validation/api_scene1_output.mp4",
    "n_frames": 15,
    "scores": {
      "mira": {
        "mean": 0.7584703445434571,
        "max": 0.8786079287528992,
        "min": 0.6790432929992676,
        "std": 0.06544838331274513,
        "per_frame": [
          0.8786079287528992,
          0.6790432929992676,
          0.6881565451622009,
          0.7705258727073669,
          0.7782838344573975,
          0.7971271276473999,
          0.7889259457588196,
          0.6898755431175232,
          0.6795817613601685,
          0.8046166896820068,
          0.8054275512695312,
          0.8621048927307129,
          0.7744031548500061,
          0.6936984062194824,
          0.6866766214370728
        ]
      },
      "kazuo": {
        "mean": 0.7200725515683492,
        "max": 0.7951714992523193,
        "min": 0.6257025003433228,
        "std": 0.04489643954111228,
        "per_frame": [
          0.715438723564148,
          0.7900956273078918,
          0.7951714992523193,
          0.7576317191123962,
          0.7716578841209412,
          0.6546856164932251,
          0.6257025003433228,
          0.7349599003791809,
          0.695828378200531,
          0.6998087167739868,
          0.7182971835136414,
          0.7144569754600525,
          0.7322447299957275,
          0.6982197165489197,
          0.6968891024589539
        ]
      },
      "renji": {
        "mean": 0.6251512249310811,
        "max": 0.6880025863647461,
        "min": 0.5696260929107666,
        "std": 0.032354549859499045,
        "per_frame": [
          0.6085211634635925,
          0.6172962784767151,
          0.6177464723587036,
          0.6003960371017456,
          0.6220480799674988,
          0.6150484085083008,
          0.5696260929107666,
          0.6544983386993408,
          0.6619947552680969,
          0.5854578018188477,
          0.6206157803535461,
          0.6015545725822449,
          0.6335513591766357,
          0.6880025863647461,
          0.6809106469154358
        ]
      },
      "overall_mean": 0.7012313736809624
    }
  },
  "consumer_ui": {
    "video": "/home/ubuntu/awakli/wave9-validation/Scene1.mp4",
    "n_frames": 15,
    "scores": {
      "mira": {
        "mean": 0.7635722637176514,
        "max": 0.8438648581504822,
        "min": 0.6749546527862549,
        "std": 0.04516324349575914,
        "per_frame": [
          0.7758328914642334,
          0.7840201258659363,
          0.8002212047576904,
          0.7592042088508606,
          0.8208324313163757,
          0.7086914777755737,
          0.6749546527862549,
          0.748490035533905,
          0.7726624011993408,
          0.7616205811500549,
          0.778963029384613,
          0.7834020256996155,
          0.7616726756095886,
          0.8438648581504822,
          0.6791513562202454
        ]
      },
      "kazuo": {
        "mean": 0.7060203353563944,
        "max": 0.748638391494751,
        "min": 0.6834354996681213,
        "std": 0.02143646018948492,
        "per_frame": [
          0.7047304511070251,
          0.7280520796775818,
          0.7367494106292725,
          0.68451327085495,
          0.6838528513908386,
          0.7357977032661438,
          0.703316330909729,
          0.715416669845581,
          0.6876393556594849,
          0.6866930723190308,
          0.7073180079460144,
          0.6990363001823425,
          0.748638391494751,
          0.6834354996681213,
          0.68511563539505
        ]
      },
      "renji": {
        "mean": 0.6190170963605245,
        "max": 0.6794926524162292,
        "min": 0.564094603061676,
        "std": 0.030230782409194072,
        "per_frame": [
          0.6070120930671692,
          0.6101516485214233,
          0.5942554473876953,
          0.564094603061676,
          0.6056153178215027,
          0.6749372482299805,
          0.600944459438324,
          0.5980861783027649,
          0.6631072163581848,
          0.6199578046798706,
          0.6247838139533997,
          0.6195530891418457,
          0.6161072254180908,
          0.6071576476097107,
          0.6794926524162292
        ]
      },
      "overall_mean": 0.6962032318115234
    }
  },
  "delta_overall": 0.005028141869439007,
  "verdict": "PASS \u2014 API output is at parity with consumer-UI (delta < 0.02)"
}